UNB;Nome UNB;Transportadora;Nome Transportadora;Data Entrega;Roteirizado;Nro do Mapa;Nro do RoadShow;Hora Imp Roadshow;AS / Rota;Armazém;Veículo;Placa;Veiculo Substituto;Motorista;Carga;MPD;Hora MPD;Classificação;KM Prev.;Tempo Prev. (+almoço);Entregas;Total de caixas;% Ocupação Caixas;Total peso;% Ocupação Peso;% Tempo;% Eficiência;Ação;Mapas da Ação;Usuario;Data;Hora;Carga Atual;Excesso;Filial Origem;Cidades +Entregas;Região +Entregas;Clientes;Mapa Transbordo;
329 ;CDD FOZ DO IGUACU;5;Log20 Logistica S/A;02/10/2026;Sim;179795;58;19:07:55;AS;01;VUC;KAG0C07;;000000000136;Freteiro;Carregado;03:24;Longa Distância;469,30;24:29:00;1;103,18;81,88 ;2987;93,36 ;100,00;93,36 ;;;;;;Roterizada;Tempo;;FORMOSA DO OESTE (1);[FOR]: CENTRO (1);0004494;;
329 ;CDD FOZ DO IGUACU;5;Log20 Logistica S/A;02/10/2026;Sim;179796;58;19:08:28;AS;01;VUC;IQU6H77;;000000000216;Freteiro;Saída portaria;05:43;Longa Distância;469,70;24:35:00;1;92,95;73,76 ;2725;85,44 ;100,00;85,44 ;;;;;;Roterizada;Tempo;;GOIOERE (1);[GOI]: CENTRO (1);0006525;;
329 ;CDD FOZ DO IGUACU;5;Log20 Logistica S/A;02/10/2026;Sim;179797;58;19:09:00;AS;01;VUC;MDB1A18;;000000000305;Freteiro;Saída portaria;06:04;Padrao;306,56;08:22:00;1;105,71;62,92 ;3106;72,23 ;100,00;72,23 ;;;;;;Roterizada;;;MARECHAL CANDIDO RONDON (1);[MAR]: CENTRO (1);0009639;;
329 ;CDD FOZ DO IGUACU;5;Log20 Logistica S/A;02/10/2026;Sim;179798;58;19:09:32;AS;01;VUC;NXK5H74;;000000000234;Freteiro;Saída portaria;05:47;Longa Distância;442,75;24:01:00;1;87,63;69,54 ;2591;93,55 ;100,00;93,55 ;;;;;;Roterizada;Tempo;;JESUITAS (1);[JES]: CENTRO (1);0013759;;
329 ;CDD FOZ DO IGUACU;5;Log20 Logistica S/A;02/10/2026;Sim;179799;58;19:10:04;AS;01;Truck;EWU3H21;;000000000273;Freteiro;Saída portaria;06:19;Longa Distância;364,68;29:26:00;1;303,97;60,31 ;8693;53,62 ;100,00;60,31 ;;;;;;Roterizada;Tempo;;MARECHAL CANDIDO RONDON (1);[MAR]: CENTRO (1);0002151;;
329 ;CDD FOZ DO IGUACU;5;Log20 Logistica S/A;02/10/2026;Sim;179800;58;19:10:37;AS;01;Truck;DVT4G32;;000000000276;Freteiro;Saída portaria;05:56;Longa Distância;423,40;29:05:00;1;185,44;44,15 ;5139;63,53 ;100,00;63,53 ;;;;;;Roterizada;Tempo;;GUAIRA (1);[GUA]: CENTRO (1);0010573;;
329 ;CDD FOZ DO IGUACU;5;Log20 Logistica S/A;02/10/2026;Sim;179801;28;19:41:06;Rota;01;Toco;FML6122;;000000000217;Fixa;Carregado;23:29;Padrao;272,41;10:27:00;14;140,53;45,62 ;3719;46,66 ;100,00;46,66 ;;;;;;Roterizada;Tempo;;SANTA HELENA (14);[SAN]: CENTRO (6) / DISTRITO DE VILA CELESTE (1) / DISTRITO DE SUB-SEDE SAO FRANCISCO (1) / MORENINHA (1) / VILA NOVA (1) / MORENINHA (1) / SAO CLEMENTE (1) / SUB SEDE (1) / VILA RICA (1);0007824/0001227/0006783/0008055/0010110/0002902/0007328/0011997/0011004/0008632/0011867/0000480/0005743/0007611;;
329 ;CDD FOZ DO IGUACU;5;Log20 Logistica S/A;02/10/2026;Sim;179802;28;19:41:37;Rota;01;Toco;FCO7153;;000000000015;Fixa;Carregado;22:34;Padrao;195,07;10:05:00;16;177,00;57,46 ;4498;53,86 ;100,00;57,46 ;;;;;;Roterizada;;;SANTA HELENA (8) / ITAIPULANDIA (7) / SAO MIGUEL DO IGUACU (1);[SAN]: SAO ROQUE (4) / CENTRO (2) / DISTRITO DE SAO ROQUE (1) / DISTRITO SAO ROQUE (1) / [ITA]: CENTRO (4) / VILA CARAMURU (1) / CENTRO (1) / PIONEIROS (1) / [SAO]: CENTRO (1);0009359/0003776/0009685/0007412/0004222/0000082/0011922/0008025/0002757/0009407/0008420/0002944/0010624/0010246/0002288/0003108;;
329 ;CDD FOZ DO IGUACU;5;Log20 Logistica S/A;02/10/2026;Sim;179803;28;19:42:08;Rota;01;Toco;FUX6061;;000000000244;Fixa;Carregado;02:39;Noturno;65,25;10:19:00;17;188,50;61,20 ;4992;59,77 ;100,00;61,20 ;;;;;;Roterizada;;;FOZ DO IGUACU (17);[FOZ]: PANORAMA (2) / CARIMA (2) / CENTRO (1) / COHAPAR III (1) / JARDIM DAS LARANJEIRAS (1) / JARDIM PANORAMA (1) / JARDIM SAO PAULO II (1) / MORUMBI I (1) / PARQUE MORUMBI I (1) / PARQUE RESIDENCIAL MORUMBI II (1) / VILA BORGES (1) / CIDADE NOVA (1) / PORTES (1) / SAO ROQUE (1) / MORUMBI (1);0010198/0000575/0001819/0009479/0001556/0003871/0004537/0000572/0010227/0011167/0004820/0005535/0007092/0003113/0001745/0008585/0011845;;
329 ;CDD FOZ DO IGUACU;5;Log20 Logistica S/A;02/10/2026;Sim;179804;28;19:42:39;Rota;01;VUC;RTI1I17;;000000000005;Fixa;Carregado;03:21;Padrao;66,05;08:09:00;21;51,83;74,04 ;1347;96,92 ;100,00;96,92 ;;;;;;Roterizada;;;FOZ DO IGUACU (21);[FOZ]: CENTRO (7) / PORTES (3) / CENTRO CIVICO (2) / YOLANDA (2) / PORTO MEIRA (2) / COHAPAR II (1) / JARDIM CANADA (1) / MARACANA (1) / PANORAMA (1) / MONJOLO (1);0002644/0009246/0007105/0010066/0006928/0006929/0004059/0005405/0011236/0007356/0007008/0011292/0006892/0009189/0003470/0008088/0011735/0008064/0008753/0004579/0009451;;
329 ;CDD FOZ DO IGUACU;5;Log20 Logistica S/A;02/10/2026;Sim;179805;28;19:43:11;Rota;01;Toco;GIU0950;;000000000161;Fixa;Carregado;22:34;Padrao;154,17;10:29:00;23;156,29;50,74 ;4082;48,88 ;100,00;50,74 ;;;;;;Extra;Tempo;;MEDIANEIRA (13) / SERRANOPOLIS DO IGUACU (10);[MED]: CENTRO (5) / IPE (3) / CIDADE ALTA (2) / ALVORAVA (1) / CENTRO (1) / NAZARE (1) / [SER]: CENTRO (5) / FLOR DA SERRA (3) / JARDINOPOLIS (2);0002909/0008517/0007350/0007796/0007816/0008231/0001418/0010810/0007358/0004270/0002221/0007717/0009951/0007623/0009102/0011784/0004873/0011913/0008848/0001493/0007908/0011884/0009055;;
329 ;CDD FOZ DO IGUACU;5;Log20 Logistica S/A;02/10/2026;Sim;179806;28;19:43:42;Rota;01;Toco;FEU8905;;000000000048;Fixa;Carregado;22:54;Padrao;220,86;10:14:00;24;116,61;37,86 ;3048;36,50 ;100,00;37,86 ;;;;;;Roterizada;;;MATELANDIA (13) / CEU AZUL (6) / MEDIANEIRA (4) / VERA CRUZ DO OESTE (1);[MAT]: CENTRO (10) / LINHA ALEGRE (1) / CENTRO (1) / VILA NOVA (1) / [CEU]: CENTRO (2) / BOA VISTA (1) / NOVA UNIAO (1) / BAIRRO UNIAO (1) / CENTRO (1) / [MED]: CENTRO (2) / BELO HORIZONTE (2) / [VER]: CENTRO (1);0007485/0008034/0007713/0009627/0002282/0007474/0009188/0006860/0007854/0012090/0002275/0012068/0005770/0010605/0008907/0011579/0007436/0003559/0006792/0011545/0006766/0002199/0006305/0011504;;
329 ;CDD FOZ DO IGUACU;5;Log20 Logistica S/A;02/10/2026;Sim;179807;28;19:44:13;Rota;01;Toco;FUE8714;;000000000014;Fixa;Carregado;22:54;Padrao;174,97;10:21:00;18;134,82;43,77 ;3578;42,84 ;100,00;43,77 ;;;;;;Roterizada;Tempo;;MEDIANEIRA (13) / MISSAL (2) / SAO MIGUEL DO IGUACU (2) / SANTA TEREZINHA DE ITAIPU (1);[MED]: ITAIPU (3) / SAO CRISTOVAO (3) / CENTRO (2) / JARDIM IRENE (1) / AREA RURAL MEDIANEIRA (1) / AREA RURAL MARALUCIA (1) / BOM JESUS (1) / PARQUE INDEPENDENCIA (1) / [MIS]: CENTRO (1) / PORTAO DO OCOI (1) / [SAO]: CENTRO (1) / SAO JORGE (1) / [SAN]: CENTRO (1);0000633/0008741/0006976/0009896/0009723/0011502/0011631/0004492/0006567/0010472/0004171/0005699/0002247/0007268/0010398/0009234/0010814/0010721;;
329 ;CDD FOZ DO IGUACU;5;Log20 Logistica S/A;02/10/2026;Sim;179809;28;20:44:45;Rota;01;VUC;GAU0G73;;000000000086;Fixa;Carregado;02:03;Padrao;35,10;08:10:00;13;243,75;96,72 ;5953;79,16 ;98,00 ;94,78 ;;;;;;Roterizada;;;FOZ DO IGUACU (13);[FOZ]: CENTRO (12) / VILA YOLANDA (1);0005899/0010871/0010447/0001811/0003080/0003227/0009615/0007551/0007271/0010626/0008831/0006637/0008706;;
329 ;CDD FOZ DO IGUACU;5;Log20 Logistica S/A;02/10/2026;Sim;179810;28;20:45:20;Rota;01;Toco;QJU2428;;000000000002;Fixa;Carregado;23:30;Padrao;100,54;06:02:00;1;367,82;97,30 ;8856;70,62 ;72,40 ;70,44 ;;;;;;Roterizada;;;MEDIANEIRA (1);[MED]: ITAIPU (1);0010813;;
329 ;CDD FOZ DO IGUACU;5;Log20 Logistica S/A;02/10/2026;Sim;179811;28;20:45:54;Rota;01;Toco;FCA8H37;;000000000090;Fixa;Carregado;01:42;Padrao;138,09;10:02:00;14;244,93;79,52 ;6158;73,74 ;100,00;79,52 ;;;;;;Roterizada;;;FOZ DO IGUACU (7) / SANTA TEREZINHA DE ITAIPU (5) / MEDIANEIRA (1) / SAO MIGUEL DO IGUACU (1);[FOZ]: TRES LAGOAS (4) / CENTRO (1) / JARDIM AURORA (1) / TRES BANDEIRAS (1) / [SAN]: CENTRO (3) / AREA INDUSTRIAL (1) / PARQUE DOS ESTADOS (1) / [MED]: ITAIPU (1) / [SAO]: SANTA ROSA DO OCOY (1);0011168/0004029/0009755/0005061/0006548/0010813/0007371/0012089/0001180/0011944/0012120/0011858/0006586/0005181;;
329 ;CDD FOZ DO IGUACU;5;Log20 Logistica S/A;02/10/2026;Sim;179812;28;20:46:29;Rota;01;Truck;RKW7G77;;000000000208;Fixa;Carregado;23:38;Padrao;41,62;10:18:00;25;288,27;68,63 ;7443;58,84 ;100,00;68,63 ;;;;;;Roterizada;;;FOZ DO IGUACU (24) / SANTA TEREZINHA DE ITAIPU (1);[FOZ]: MORUMBI (11) / CAMPOS DO IGUACU (5) / PORTAL DA FOZ (2) / PARQUE RESIDENCIAL MORUMBI II (1) / PARQUE RESIDENCIAL MORUMBI III (1) / CENTRO CIVICO (1) / PARQUE MORUMBI II (1) / PORTAL (1) / AREA RURAL DE FOZ DO IGUACU (1) / [SAN]: CENTRO (1);0009378/0000302/0001680/0005985/0000381/0004909/0010850/0002236/0010373/0007097/0011920/0002300/0003464/0009159/0006722/0009571/0007454/0001925/0007656/0010557/0008145/0008828/0000501/0008851/0005550;;
329 ;CDD FOZ DO IGUACU;5;Log20 Logistica S/A;02/10/2026;Sim;179813;28;20:47:03;Rota;01;Toco;GHK2F66;;000000000286;Fixa;Carregado;02:22;Padrao;52,10;09:35:00;18;214,01;69,48 ;5121;64,26 ;100,00;69,48 ;;;;;;Extra;;;FOZ DO IGUACU (18);[FOZ]: PORTES (4) / CENTRO (2) / ITAIPU A (2) / MONJOLO (2) / JARDIM CENTRAL (1) / JARDIM JUPIRA (1) / JARDIM POLO CENTRO (1) / VILA BRASILIA (1) / VILA PORTES (1) / CENTRO CIVICO (1) / POLO CENTRO (1) / KLP (1);0003209/0001742/0011975/0009050/0008773/0005242/0007095/0009254/0008552/0010271/0007202/0009278/0003894/0007430/0001955/0002998/0006564/0009501;;
329 ;CDD FOZ DO IGUACU;5;Log20 Logistica S/A;02/10/2026;Sim;179814;28;20:47:38;Rota;01;Toco;QJT3668;;000000000294;Fixa;Carregado;01:34;Padrao;47,86;09:30:00;12;305,97;80,94 ;7892;62,94 ;100,00;80,94 ;;;;;;Roterizada;;;FOZ DO IGUACU (12);[FOZ]: ITAIPU C (3) / CONJUNTO B (1) / VILA C NOVA (1) / JARDIM BELVEDERE I (1) / JARDIM ITAIPU (1) / PORTO BELO (1) / LANCASTER (1) / IPE (1) / KLP (1) / POLO UNIVERSITARIO (1);0010634/0000850/0006521/0008607/0003690/0011329/0006573/0008136/0008708/0003337/0001183/0001974;;
329 ;CDD FOZ DO IGUACU;5;Log20 Logistica S/A;02/10/2026;Sim;179815;28;20:48:13;Rota;01;Truck;UDI4C07;;000000000034;Fixa;Carregado;01:45;Padrao;40,94;10:23:00;16;309,75;73,75 ;7515;59,41 ;100,00;73,75 ;;;;;;Roterizada;Tempo;;FOZ DO IGUACU (16);[FOZ]: PANORAMA (5) / YOLANDA (2) / CR 1 (1) / JARDIM POLO CENTRO (1) / JARDIM SAO PAULO II (1) / LOTEAMENTO MATA VERDE (1) / MARACANA (1) / PARQUE PRESIDENTE I (1) / JD.SAO LUIS (1) / SAO ROQUE (1) / MORUMBI (1);0009334/0006950/0006670/0000742/0001732/0005448/0009411/0009252/0006466/0009659/0009084/0007161/0011059/0004494/0010526/0002245;;
329 ;CDD FOZ DO IGUACU;5;Log20 Logistica S/A;02/10/2026;Sim;179816;28;20:48:49;Rota;01;Toco;GKF6739;;000000000285;Fixa;Carregado;23:47;Padrao;56,90;10:28:00;18;275,61;89,48 ;6808;81,51 ;100,00;89,48 ;;;;;;Roterizada;Tempo;;FOZ DO IGUACU (18);[FOZ]: VILA YOLANDA (5) / TRES FRONTEIRAS (3) / PORTO MEIRA (3) / MATA VERDE (2) / YOLANDA (2) / PARQUE OURO VERDE (1) / VILA ADRIANA (1) / BOURBON (1);0009649/0010432/0007837/0007143/0009839/0003195/0003482/0004137/0008922/0000406/0011850/0010956/0009030/0009997/0006749/0007851/0007128/0006165;;
329 ;CDD FOZ DO IGUACU;5;Log20 Logistica S/A;02/10/2026;Sim;179817;28;20:49:24;Rota;01;Toco;QJU2F48;;000000000107;Fixa;Carregado;02:12;Padrao;56,04;09:47:00;23;197,92;52,35 ;5102;40,68 ;100,00;52,35 ;;;;;;Roterizada;;;FOZ DO IGUACU (21) / SANTA TEREZINHA DE ITAIPU (2);[FOZ]: TRES LAGOAS (9) / CENTRO CIVICO (3) / CENTRO (1) / CONJUNTO RESIDENCIAL SOL DE MA (1) / JARDIM NACIONAL (1) / JARDIM SANTA RITA (1) / LOTEAMENTO RESIDENCIAL LAGOA V (1) / LOTEAMENTO WITT (1) / PARQUE PRESIDENTE II (1) / LOTEAMENTO JARDIM MADRE TEREZA (1) / LOTEAMENTO RESIDENCIAL LAGOA DOURADA (1) / [SAN]: CENTRO (1) / PARQUE DOS ESTADOS (1);0012146/0005641/0009500/0005069/0008725/0010933/0002016/0010869/0009996/0011316/0004719/0008082/0005245/0000465/0002107/0002177/0008595/0003027/0002603/0009916/0006737/0001044/0004988;;
329 ;CDD FOZ DO IGUACU;5;Log20 Logistica S/A;02/10/2026;Sim;179819;28;20:50:00;Rota;01;Toco;QJU2248;;000000000304;Fixa;Carregado;03:20;Padrao;59,59;10:12:00;21;194,91;51,56 ;5189;41,38 ;100,00;51,56 ;;;;;;Roterizada;;;FOZ DO IGUACU (21);[FOZ]: CARIMA (10) / LOTEAMENTO MATA VERDE (1) / PARQUE PRESIDENTE (1) / VILA CARIMA (1) / JARDIM MORENITA LL (1) / IMOVEL CATARATAS - GLEBA II (1) / REMANSO GRANDE (1) / ITAIPU A (1) / YOLANDA (1) / REMANSO (1) / PORTO MEIRA (1) / SAO ROQUE (1);0002344/0006977/0003756/0010093/0012121/0010836/0005359/0005294/0009324/0003908/0006958/0011879/0011484/0000318/0005606/0006481/0002612/0009062/0007860/0004936/0002614;;
